product_category,orders,order_value_usd,delayed_orders,avg_delay_days,risk_orders,avg_risk_score,delay_rate,risk_rate
Electronics,210,5688988.5,107,2.0761904761904764,107,37.94,0.5095238095238095,0.5095238095238095
Textiles,206,5234273.25,111,2.1067961165048543,111,39.03398058252427,0.5388349514563107,0.5388349514563107
Machinery,204,5034029.4,100,1.7352941176470589,100,36.346078431372554,0.49019607843137253,0.49019607843137253
Food,190,4709296.13,101,1.7052631578947368,101,38.51315789473684,0.531578947368421,0.531578947368421
Pharma,190,4623486.39,95,2.0789473684210527,95,37.56105263157895,0.5,0.5
