shipping_mode,orders,order_value_usd,delayed_orders,avg_delay_days,risk_orders,avg_energy_joules,avg_comm_cost_mb,avg_risk_score,delay_rate,risk_rate
Rail,255,6159930.38,137,2.0352941176470587,137,269.6187843137255,2.739137254901961,39.00627450980392,0.5372549019607843,0.5372549019607843
Sea,226,5698158.44,121,2.0353982300884956,121,289.0307079646018,2.8797345132743364,38.57610619469027,0.5353982300884956,0.5353982300884956
Road,256,6487707.12,131,1.953125,131,268.3728125,2.871875,37.93203125,0.51171875,0.51171875
Air,263,6944277.73,125,1.7642585551330798,125,258.85140684410646,2.6017490494296576,36.12813688212928,0.4752851711026616,0.4752851711026616
